"PointID","x","y","z","Density_0","Density_1","Momentum_x","Momentum_y","Momentum_z","Energy","Energy_ve","MassFrac_0","MassFrac_1","Pressure","Temperature_tr","Temperature_ve","Mach","Pressure_Coefficient"
126, 1.295000000000000e+00, 3.352697431866700e-01, 0.000000000000000e+00, 1.411575523273193e-04, 1.265283817942121e-04, 1.193637788543131e+00, 1.889832125422148e-01, -1.339453872035338e-03, 8.071284763902499e+03, 5.275625440612587e+02, 5.273252507292098e-01, 4.726747492707902e-01, 3.037455067572128e+02, 2.596027300241375e+03, 8.665451373730320e+03, 3.417243813242367e+00, 3.593604371559136e-02
127, 1.161892334304097e+00, 3.141875604517181e-01, 0.000000000000000e+00, 1.424147039734808e-04, 1.288032735095666e-04, 1.204484315225604e+00, 1.907072793294266e-01, -1.430156897515255e-03, 8.172402412660567e+03, 5.315210694126566e+02, 5.250931567852375e-01, 4.749068432147626e-01, 3.079013524391152e+02, 2.593345128359628e+03, 8.643801456235815e+03, 3.401915483852929e+00, 3.646193089297985e-02
128, 1.043936264910732e+00, 2.955051547717263e-01, 0.000000000000000e+00, 1.452019733308210e-04, 1.334849398752111e-04, 1.228168387951398e+00, 1.944697582749278e-01, -1.608495042682412e-03, 8.387109661374949e+03, 5.405086649887998e+02, 5.210218580428059e-01, 4.789781419571941e-01, 3.171179258329946e+02, 2.592234259997496e+03, 8.604184393864125e+03, 3.370731959863241e+00, 3.762821042746977e-02
129, 9.394022207746211e-01, 2.789485890098729e-01, 0.000000000000000e+00, 1.483288767646089e-04, 1.381424245861301e-04, 1.253811688711522e+00, 1.985432977628658e-01, -1.776445395484268e-03, 8.610338046430978e+03, 5.505865379967734e+02, 5.177791843902839e-01, 4.822208156097161e-01, 3.274446508029018e+02, 2.598218411052692e+03, 8.569761924515478e+03, 3.339156718046823e+00, 3.893497026933323e-02
130, 8.467574358675809e-01, 2.642750968812325e-01, 0.000000000000000e+00, 1.518741701622440e-04, 1.428778803447838e-04, 1.282043411304701e+00, 2.030316581281728e-01, -1.933260479138251e-03, 8.847391291633256e+03, 5.621185196756803e+02, 5.152607756281675e-01, 4.847392243718324e-01, 3.391794514416897e+02, 2.611285162611618e+03, 8.540377022960456e+03, 3.306588269726471e+00, 4.041991019672818e-02
131, 7.646434744745524e-01, 2.512695233094326e-01, 0.000000000000000e+00, 1.559681208562933e-04, 1.478283804811591e-04, 1.313844238197569e+00, 2.080917358020735e-01, -2.074404266945768e-03, 9.106017541366062e+03, 5.756321218100029e+02, 5.133966986770737e-01, 4.866033013229263e-01, 3.528068723084791e+02, 2.632030756527914e+03, 8.515907669119770e+03, 3.272171212846319e+00, 4.214434523191946e-02
132, 6.918563126672260e-01, 2.397411696420615e-01, 0.000000000000000e+00, 1.606726377722289e-04, 1.530798584218656e-04, 1.349678265992166e+00, 2.137950663694685e-01, -2.198571450257318e-03, 9.390485812015391e+03, 5.913926229354387e+02, 5.120999505063158e-01, 4.879000494936841e-01, 3.686120855689338e+02, 2.660359985284121e+03, 8.496042790904175e+03, 3.235614817121144e+00, 4.414436150436169e-02
133, 6.273286838930814e-01, 2.295209974667221e-01, 0.000000000000000e+00, 1.659102257675218e-04, 1.586082682727932e-04, 1.388984004221610e+00, 2.200481174558227e-01, -2.308351457807483e-03, 9.697861437387468e+03, 6.091473538935728e+02, 5.112504489402405e-01, 4.887495510597595e-01, 3.864262062001867e+02, 2.694866529528057e+03, 8.480182656366378e+03, 3.197560198485396e+00, 4.639858804054509e-02
134, 5.701144298160306e-01, 2.204591500277321e-01, 0.000000000000000e+00, 1.714799521126570e-04, 1.642862042181525e-04, 1.430307488213885e+00, 2.266151236669145e-01, -2.405926694056855e-03, 1.001868794805115e+04, 6.281847514108812e+02, 5.107124374492006e-01, 4.892875625507995e-01, 4.056432499227780e+02, 2.733131682081152e+03, 8.467526819370687e+03, 3.159324123618316e+00, 4.883034264708248e-02
135, 5.193746269475402e-01, 2.124227549004011e-01, 0.000000000000000e+00, 1.771303751229876e-04, 1.699375593189575e-04, 1.471848612832775e+00, 2.332068434887200e-01, -2.492834137789160e-03, 1.034068924408509e+04, 6.476008808388405e+02, 5.103622592153255e-01, 4.896377407846744e-01, 4.254369183897342e+02, 2.772501571212875e+03, 8.457251760724466e+03, 3.122346144466651e+00, 5.133506424576468e-02
136, 4.743652856452280e-01, 2.052939757038445e-01, 0.000000000000000e+00, 1.826388804174802e-04, 1.754004288371935e-04, 1.512040195389047e+00, 2.395744712335602e-01, -2.574937800904070e-03, 1.065287146965372e+04, 6.665896377240256e+02, 5.101084593132453e-01, 4.898915406867546e-01, 4.450262677984025e+02, 2.810813727372713e+03, 8.448667969251983e+03, 3.087723449641288e+00, 5.381393099297403e-02
137, 4.344264411113166e-01, 1.989682842849117e-01, 0.000000000000000e+00, 1.878626195821516e-04, 1.805687669761797e-04, 1.549906225675912e+00, 2.455671791050820e-01, -2.665529403723722e-03, 1.094817362736234e+04, 6.846300502363293e+02, 5.098985223193210e-01, 4.901014776806791e-01, 4.638693998397096e+02, 2.846787453177376e+03, 8.441303596750367e+03, 3.056007081866995e+00, 5.619837023370767e-02
138, 3.989724764339914e-01, 1.933529280385366e-01, 0.000000000000000e+00, 1.927488993213141e-04, 1.854023765542380e-04, 1.585121054721293e+00, 2.511402445230503e-01, -2.782112230032330e-03, 1.122402883676814e+04, 7.015263313348916e+02, 5.097137352638389e-01, 4.902862647361611e-01, 4.817260600920816e+02, 2.880027648186419e+03, 8.434906003018841e+03, 3.027244776718061e+00, 5.845797979972180e-02
139, 3.674835357799593e-01, 1.883655698910727e-01, 0.000000000000000e+00, 1.973118936467068e-04, 1.899107059751330e-04, 1.617829471843699e+00, 2.563244724084854e-01, -2.939048634329041e-03, 1.148120300162433e+04, 7.173250871439226e+02, 5.095567609932915e-01, 4.904432390067085e-01, 4.985960090013579e+02, 2.910746909297045e+03, 8.429380773741286e+03, 3.001167418288292e+00, 6.059272937746023e-02
140, 3.394979018312223e-01, 1.839330810049055e-01, 0.000000000000000e+00, 2.015964420587940e-04, 1.940893414900902e-04, 1.648320059180231e+00, 2.611623384513840e-01, -3.140744523701408e-03, 1.172076415003889e+04, 7.321865418893276e+02, 5.094861893967645e-01, 4.905138106032354e-01, 5.145719583956171e+02, 2.939621729376422e+03, 8.425046752690105e+03, 2.977509871566971e+00, 6.261435086586987e-02
141, 3.146052256976335e-01, 1.799904685019620e-01, 0.000000000000000e+00, 2.056060742665413e-04, 1.980578108564746e-04, 1.676846553919388e+00, 2.656892410844632e-01, -3.383759721588082e-03, 1.194674712755215e+04, 7.461131466014963e+02, 5.093496887983506e-01, 4.906503112016494e-01, 5.297148547015813e+02, 2.966048619644709e+03, 8.420752865169197e+03, 2.955748834657699e+00, 6.453055652059589e-02
142, 2.924405100365236e-01, 1.764799224834981e-01, 0.000000000000000e+00, 2.093130393649517e-04, 2.019258069491742e-04, 1.703449051643953e+00, 2.699108794565779e-01, -3.657757075745224e-03, 1.216199462223972e+04, 7.589781370684644e+02, 5.089816811835605e-01, 4.910183188164395e-01, 5.439831151344006e+02, 2.989097580421583e+03, 8.415192304982338e+03, 2.935494241085892e+00, 6.633608439135752e-02
143, 2.726787571548399e-01, 1.733499683727677e-01, 0.000000000000000e+00, 2.127213353250846e-04, 2.056444587372985e-04, 1.728075995311801e+00, 2.738078894850411e-01, -3.950726991006739e-03, 1.236496371296545e+04, 7.707807944933355e+02, 5.084577619492606e-01, 4.915422380507394e-01, 5.573209355393519e+02, 3.009160945935451e+03, 8.408778600132791e+03, 2.916784250093646e+00, 6.802387293360762e-02
144, 2.550302036197720e-01, 1.705547121515077e-01, 0.000000000000000e+00, 2.158198974613525e-04, 2.091637816812859e-04, 1.750594091985092e+00, 2.773483144572608e-01, -4.255954441394360e-03, 1.255371999779243e+04, 7.814710989901029e+02, 5.078310251743015e-01, 4.921689748256985e-01, 5.696248610890293e+02, 3.026428809824971e+03, 8.401805092103314e+03, 2.899698185056373e+00, 6.958083081255273e-02
145, 2.392360715037206e-01, 1.680531674232628e-01, 0.000000000000000e+00, 2.185986770882260e-04, 2.124450482026768e-04, 1.770897725289375e+00, 2.805145897540138e-01, -4.572232180409878e-03, 1.272674415085097e+04, 7.910063897002959e+02, 5.071380564482134e-01, 4.928619435517867e-01, 5.808038881686820e+02, 3.041027344613896e+03, 8.394474412407726e+03, 2.884286423411625e+00, 7.099544228921777e-02
146, 2.250647739647891e-01, 1.658086544363873e-01, 0.000000000000000e+00, 2.210687705692665e-04, 2.154743956601503e-04, 1.789038879733453e+00, 2.833392693607500e-01, -4.899791947901864e-03, 1.288387496973907e+04, 7.994236753074850e+02, 5.064075850246802e-01, 4.935924149753198e-01, 5.908574049903937e+02, 3.053199439372169e+03, 8.386953359050676e+03, 2.870491512129117e+00, 7.226762994700814e-02
147, 2.123085195258328e-01, 1.637882622546927e-01, 0.000000000000000e+00, 2.232812748417528e-04, 2.182768035255026e-04, 1.805348763740426e+00, 2.859321036319621e-01, -5.238363170039818e-03, 1.302722676235009e+04, 8.069077163118599e+02, 5.056668324750790e-01, 4.943331675249208e-01, 5.999524142137409e+02, 3.063467796630564e+03, 8.379415570979472e+03, 2.858071978148685e+00, 7.341852656225466e-02
148, 2.007802652611475e-01, 1.619623661896356e-01, 0.000000000000000e+00, 2.253307545611157e-04, 2.209185088786098e-04, 1.820459816957924e+00, 2.884541101121665e-01, -5.593146181662305e-03, 1.316134167060561e+04, 8.138031858247826e+02, 5.049437008013145e-01, 4.950562991986856e-01, 6.084418899108393e+02, 3.072669375182599e+03, 8.372055675339652e+03, 2.846591647953778e+00, 7.449279802312651e-02
149, 1.903109742158616e-01, 1.603041934182315e-01, 0.000000000000000e+00, 2.273183390169462e-04, 2.234764070072464e-04, 1.835063068877483e+00, 2.909859533014774e-01, -5.986488493049911e-03, 1.329125826254851e+04, 8.204795727657120e+02, 5.042612874746034e-01, 4.957387125253967e-01, 6.167193131799401e+02, 3.081660230984299e+03, 8.365044332708931e+03, 2.835587091055754e+00, 7.554023603989245e-02
150, 1.807471368440085e-01, 1.587894304174182e-01, 0.000000000000000e+00, 2.292589922496706e-04, 2.259603936075998e-04, 1.849295509533181e+00, 2.932933333615312e-01, -6.462916391135331e-03, 1.341766116597873e+04, 8.269921294359746e+02, 5.036230867407578e-01, 4.963769132592422e-01, 6.248398818032432e+02, 3.090571380712895e+03, 8.358406533469679e+03, 2.824978630632881e+00, 7.656782542577734e-02
151, 1.719485201225209e-01, 1.573958664587430e-01, 0.000000000000000e+00, 2.309618191411075e-04, 2.282115541284851e-04, 1.861943135426348e+00, 2.946153419042571e-01, -7.073159939783815e-03, 1.353058990644598e+04, 8.326441787412559e+02, 5.029948001917433e-01, 4.970051998082567e-01, 6.320191094701328e+02, 3.097861443545632e+03, 8.351866527134553e+03, 2.815587246524668e+00, 7.747629606269511e-02
152, 1.637861113367645e-01, 1.561030679359905e-01, 0.000000000000000e+00, 2.319753538381723e-04, 2.298529097946549e-04, 1.870063136625164e+00, 2.937291013733678e-01, -7.835265598676731e-03, 1.360650511424502e+04, 8.357863554695291e+02, 5.022978715365122e-01, 4.977021284634878e-01, 6.363807493601895e+02, 3.099865591096030e+03, 8.344780073745642e+03, 2.809381366928393e+00, 7.802822475931528e-02
153, 1.561402263876655e-01, 1.548920787504723e-01, 0.000000000000000e+00, 2.317313328045504e-04, 2.304066711409687e-04, 1.869907807879189e+00, 2.895949761639511e-01, -8.690271486645295e-03, 1.361574631252967e+04, 8.343408924086827e+02, 5.014331884115485e-01, 4.985668115884515e-01, 6.355049455804276e+02, 3.091739716621636e+03, 8.336312941287179e+03, 2.808998089695419e+00, 7.791739918663081e-02
154, 1.488987548828420e-01, 1.537451423607724e-01, 0.000000000000000e+00, 2.300267545800539e-04, 2.297006315505850e-04, 1.860072764430436e+00, 2.828661420316560e-01, -9.478994008359999e-03, 1.354781824583080e+04, 8.275626523533738e+02, 5.003546917578847e-01, 4.996453082421153e-01, 6.283837632577679e+02, 3.070915106287746e+03, 8.326046957360813e+03, 2.815933674796102e+00, 7.701627369786675e-02
155, 1.419555162797883e-01, 1.526454414214113e-01, 0.000000000000000e+00, 2.280328766052369e-04, 2.287297885433859e-04, 1.848067351651029e+00, 2.786015147381390e-01, -9.959657822575480e-03, 1.346446287086372e+04, 8.197253192953539e+02, 4.992371181016708e-01, 5.007628818983292e-01, 6.196965033199086e+02, 3.045847478387169e+03, 8.315398969611851e+03, 2.825611311034974e+00, 7.591697431149742e-02
156, 1.352087029775046e-01, 1.515768511927891e-01, 0.000000000000000e+00, 2.301663446313843e-04, 2.312492253822843e-04, 1.862201805178634e+00, 2.908117628480357e-01, -9.880589252572545e-03, 1.359746873109888e+04, 8.269560045250295e+02, 4.988265667423533e-01, 5.011734332576466e-01, 6.281809522007194e+02, 3.055578411656657e+03, 8.310597605141811e+03, 2.815818587813122e+00, 7.699060967121656e-02
157, 1.285593875278688e-01, 1.505237031066990e-01, 0.000000000000000e+00, 2.450215028610928e-04, 2.459835975999505e-04, 1.960065377647924e+00, 3.468240746910487e-01, -9.183443354530333e-03, 1.444458903402158e+04, 8.800989971719273e+02, 4.990202803005974e-01, 5.009797196994027e-01, 6.901247638470323e+02, 3.154994222973212e+03, 8.310898829996586e+03, 2.750416000115285e+00, 8.482907595624274e-02
158, 1.218061566492055e-01, 1.492976113306139e-01, 0.000000000000000e+00, 2.765792813431076e-04, 2.774683854283746e-04, 2.164871858444638e+00, 4.643169453515864e-01, -7.608987680491799e-03, 1.625042438634007e+04, 9.932178794657215e+02, 4.991976285267584e-01, 5.008023714732416e-01, 8.240519119003868e+02, 3.338994613538644e+03, 8.311185256077442e+03, 2.635675712235518e+00, 1.017764256069228e-01
159, 1.151149800788232e-01, 1.477686952283110e-01, 0.000000000000000e+00, 3.189543318098314e-04, 3.197772692661464e-04, 2.425917914473505e+00, 6.310530083076556e-01, -5.017360075200778e-03, 1.866643595138874e+04, 1.145173440576155e+03, 4.993558033961928e-01, 5.006441966038072e-01, 1.013850727545984e+03, 3.563769982899591e+03, 8.311522216713638e+03, 2.505513231395543e+00, 1.257938629882479e-01
160, 1.084994297085858e-01, 1.459400559410904e-01, 0.000000000000000e+00, 3.657009875173867e-04, 3.664446537550152e-04, 2.693226364959141e+00, 8.270604732958313e-01, -1.497934799080195e-03, 2.131571426575612e+04, 1.312891622649596e+03, 4.994921323055778e-01, 5.005078676944222e-01, 1.238252898434471e+03, 3.797566431472424e+03, 8.312084742309526e+03, 2.380079433320330e+00, 1.541900627707129e-01
161, 1.019729240357190e-01, 1.438154025467809e-01, 0.000000000000000e+00, 4.168981007785220e-04, 4.175552844917279e-04, 2.961919258762960e+00, 1.053184824821328e+00, 3.052560721742913e-03, 2.419934990465052e+04, 1.496801119595351e+03, 4.996062190382313e-01, 5.003937809617688e-01, 1.501020638535691e+03, 4.039346528617496e+03, 8.313130308262771e+03, 2.259379121893631e+00, 1.874411013625322e-01
162, 9.554870094571408e-02, 1.413990445365178e-01, 0.000000000000000e+00, 4.725742106558923e-04, 4.731440634818065e-04, 3.226518078254031e+00, 1.309428565722938e+00, 8.730844039552326e-03, 2.731548721427582e+04, 1.697258645575414e+03, 4.996987195650662e-01, 5.003012804349338e-01, 1.805753509045172e+03, 4.287952751406594e+03, 8.315026352307177e+03, 2.143350504435167e+00, 2.260024728368366e-01
163, 8.923979086157234e-02, 1.386958830736878e-01, 0.000000000000000e+00, 5.326621655612944e-04, 5.330895344375619e-04, 3.480887571916557e+00, 1.594708100428207e+00, 1.552343519233182e-02, 3.065500519968439e+04, 1.914492727900498e+03, 4.997994988531250e-01, 5.002005011468749e-01, 2.155284155800173e+03, 4.541831109547490e+03, 8.318574339739280e+03, 2.032122320182634e+00, 2.702326246043142e-01
164, 8.305899031385024e-02, 1.357114010527682e-01, 0.000000000000000e+00, 5.969987099126472e-04, 5.972102301630003e-04, 3.718505360980521e+00, 1.906844959396628e+00, 2.343915728912733e-02, 3.420479165253641e+04, 2.148570039401280e+03, 4.999114391781643e-01, 5.000885608218356e-01, 2.551773725813349e+03, 4.799287077553470e+03, 8.324421070053359e+03, 1.925652133778248e+00, 3.204050315698098e-01
165, 7.701883598511533e-02, 1.324516519782258e-01, 0.000000000000000e+00, 6.653153002106881e-04, 6.652114471232551e-04, 3.932693557396709e+00, 2.242495927777921e+00, 3.244828520418023e-02, 3.794606538994272e+04, 2.399462791946681e+03, 5.000390270573820e-01, 4.999609729426179e-01, 2.996297230943729e+03, 5.058399299740745e+03, 8.333365453663282e+03, 1.823907394889218e+00, 3.766557274062444e-01
166, 7.113157928145880e-02, 1.289232476860329e-01, 0.000000000000000e+00, 7.369389428346382e-04, 7.372716813512334e-04, 4.116558443244979e+00, 2.596567225091193e+00, 4.245064299235099e-02, 4.186607246807679e+04, 2.665525165856390e+03, 4.998871468869047e-01, 5.001128531130954e-01, 3.487502430822697e+03, 5.313281612538909e+03, 8.343582592328312e+03, 1.726685910667025e+00, 4.388135975138392e-01
167, 6.540916148264168e-02, 1.251333449327033e-01, 0.000000000000000e+00, 8.109540082993538e-04, 8.141008810946854e-04, 4.263276255483142e+00, 2.962387607766658e+00, 5.327199148263777e-02, 4.596312116409577e+04, 2.943965177995974e+03, 4.990317641527466e-01, 5.009682358472535e-01, 4.023019993224988e+03, 5.557051725753394e+03, 8.351880053120840e+03, 1.633195742152114e+00, 5.065788229070948e-01
168, 5.986318952127878e-02, 1.210896308790527e-01, 0.000000000000000e+00, 8.866414221394956e-04, 8.956151065037232e-04, 4.366698255108312e+00, 3.332357918588432e+00, 6.477546489988260e-02, 5.021555478483788e+04, 3.233302056514401e+03, 4.974824936197431e-01, 5.025175063802568e-01, 4.600335856095866e+03, 5.788040601556725e+03, 8.358778392220847e+03, 1.542892030363167e+00, 5.796332702627497e-01
169, 5.450491244018765e-02, 1.168003074981255e-01, 0.000000000000000e+00, 9.632499098557109e-04, 9.816621573995306e-04, 4.421691833042030e+00, 3.697810392707141e+00, 7.680745476446860e-02, 5.459963518244971e+04, 3.531962091315733e+03, 4.952665604132417e-01, 5.047334395867583e-01, 5.215978195964722e+03, 6.004930822850989e+03, 8.364762050750141e+03, 1.455293003517671e+00, 6.575376096380923e-01
170, 4.934519857565527e-02, 1.122740749389140e-01, 0.000000000000000e+00, 1.039999250059003e-03, 1.071981077390240e-03, 4.424331678526771e+00, 4.049173763356813e+00, 8.917178868294284e-02, 5.908847260718823e+04, 3.838190223145063e+03, 4.924284741397513e-01, 5.075715258602487e-01, 5.865428734268607e+03, 6.206742847324692e+03, 8.370244724245276e+03, 1.369990747989319e+00, 7.397200910351686e-01
171, 4.439451351290143e-02, 1.075201138796140e-01, 0.000000000000000e+00, 1.116077875096486e-03, 1.166150571553944e-03, 4.372100743783282e+00, 4.376220460209068e+00, 1.014439109822525e-01, 6.365052209509452e+04, 4.149939507121895e+03, 4.890298675991555e-01, 5.109701324008445e-01, 6.542950734715525e+03, 6.392790040033396e+03, 8.375562092410837e+03, 1.286670112305057e+00, 8.254547789195680e-01
172, 3.966289885845342e-02, 1.025480669062109e-01, 0.000000000000000e+00, 1.190698578319145e-03, 1.263580552559496e-03, 4.264206566477577e+00, 4.668541919230852e+00, 1.122820160726123e-01, 6.825069954506219e+04, 4.464997357693042e+03, 4.851520608794284e-01, 5.148479391205716e-01, 7.241873696844158e+03, 6.562808560456731e+03, 8.381015274229867e+03, 1.205085621544755e+00, 9.138975777863376e-01
173, 3.515995187248769e-02, 9.736801895416480e-02, 0.000000000000000e+00, 1.264031226577992e-03, 1.364412429043408e-03, 4.101270254015621e+00, 4.917576442633464e+00, 1.219901703241196e-01, 7.289773863002140e+04, 4.784528751790045e+03, 4.809048213282539e-01, 5.190951786717460e-01, 7.963490354575555e+03, 6.719726326604830e+03, 8.387027301729540e+03, 1.124220111559089e+00, 1.005212072196814e+00
174, 3.089480600245098e-02, 9.199047685286767e-02, 0.000000000000000e+00, 1.337806817798308e-03, 1.469392537981519e-03, 3.894862789854199e+00, 5.126128679791612e+00, 1.330151305592285e-01, 7.766394997924924e+04, 5.116513720902070e+03, 4.765628116306943e-01, 5.234371883693058e-01, 8.710403196765456e+03, 6.862340049600718e+03, 8.395876768423477e+03, 1.045419670763406e+00, 1.099727585139213e+00
175, 2.687611235744550e-02, 8.642634801436050e-02, 0.000000000000000e+00, 1.410626193644538e-03, 1.574538169431026e-03, 3.673491569471285e+00, 5.305160736695086e+00, 1.415735097484082e-01, 8.242216342306411e+04, 5.458600165505643e+03, 4.725455693807071e-01, 5.274544306192930e-01, 9.440509156766917e+03, 6.975746527551399e+03, 8.411861601246346e+03, 9.757383200162029e-01, 1.192116329064834e+00
176, 2.311202216095348e-02, 8.068691830953902e-02, 0.000000000000000e+00, 1.481977779200192e-03, 1.680006235488372e-03, 3.415065860607200e+00, 5.439454141601661e+00, 1.498102916620807e-01, 8.714902019925168e+04, 5.808151670683523e+03, 4.686860440520467e-01, 5.313139559479532e-01, 1.016919330636504e+04, 7.076106765665318e+03, 8.432496154153341e+03, 9.089222191713996e-01, 1.284325154890260e+00
177, 1.961017021749339e-02, 7.478382917672056e-02, 0.000000000000000e+00, 1.549780269042819e-03, 1.783040165282628e-03, 3.124335094840679e+00, 5.511213922028386e+00, 1.558802635415358e-01, 9.171120516488196e+04, 6.157762963017302e+03, 4.650056309908846e-01, 5.349943690091153e-01, 1.088140367857004e+04, 7.166349830420721e+03, 8.457896891866403e+03, 8.439718168586910e-01, 1.374449363297883e+00
178, 1.637765942674216e-02, 6.872905400900449e-02, 0.000000000000000e+00, 1.614894618456182e-03, 1.883595462818878e-03, 2.807982456393210e+00, 5.515279804584283e+00, 1.613267811871731e-01, 9.612784052230582e+04, 6.512426215618531e+03, 4.615975980894070e-01, 5.384024019105931e-01, 1.158226588085380e+04, 7.250612889557357e+03, 8.489339439611649e+03, 7.798061031100000e-01, 1.463137556630549e+00
179, 1.342104637653449e-02, 6.253487386831949e-02, 0.000000000000000e+00, 1.679279962768228e-03, 1.982900896265046e-03, 2.472073818511810e+00, 5.445104904245853e+00, 1.691319121663490e-01, 1.004797207903571e+05, 6.882553649636025e+03, 4.585464310496988e-01, 5.414535689503012e-01, 1.228689768664619e+04, 7.333373259342456e+03, 8.528391543664475e+03, 7.148775958938902e-01, 1.552302761455163e+00
180, 1.074632804396089e-02, 5.621385257541836e-02, 0.000000000000000e+00, 1.740919720536106e-03, 2.077689963682729e-03, 2.122263316124700e+00, 5.289924670384550e+00, 1.804192629715369e-01, 1.046228207051248e+05, 7.262966547667047e+03, 4.559040762219830e-01, 5.440959237780170e-01, 1.297385547590281e+04, 7.413465901107435e+03, 8.576508054968144e+03, 6.492912575582197e-01, 1.639231468733780e+00
181, 8.358929631539169e-03, 4.977881122634524e-02, 0.000000000000000e+00, 1.797043117373552e-03, 2.163226308538449e-03, 1.767984531113275e+00, 5.046271576212992e+00, 1.924809437273794e-01, 1.083557231273919e+05, 7.646038571386319e+03, 4.537678940769831e-01, 5.462321059230169e-01, 1.361102426464442e+04, 7.488988664882147e+03, 8.636079958605114e+03, 5.839291896501074e-01, 1.719859798435854e+00
182, 6.263693563131251e-03, 4.324280218706467e-02, 0.000000000000000e+00, 1.848593316128241e-03, 2.238240731497147e-03, 1.421325255914493e+00, 4.717058457405171e+00, 2.062231259713715e-01, 1.116678970215219e+05, 8.042309721747692e+03, 4.523289408343719e-01, 5.476710591656281e-01, 1.419774220303859e+04, 7.562848601550111e+03, 8.711617992998072e+03, 5.186111822212639e-01, 1.794103999054021e+00
183, 4.464869661926191e-03, 3.661908261899963e-02, 0.000000000000000e+00, 1.896479710272702e-03, 2.300966054519828e-03, 1.092792906421147e+00, 4.302513862109592e+00, 2.218194401333544e-01, 1.145322668256137e+05, 8.465671675942927e+03, 4.518175615704331e-01, 5.481824384295669e-01, 1.473399070575177e+04, 7.639148387945162e+03, 8.809335398944677e+03, 4.527831914127196e-01, 1.861961718771261e+00
184, 2.966106530410018e-03, 2.992108758917743e-02, 0.000000000000000e+00, 1.941007757294749e-03, 2.347708904029954e-03, 7.925955522808703e-01, 3.801287958408341e+00, 2.397718859038081e-01, 1.168509701889828e+05, 8.933635642185498e+03, 4.525847498387102e-01, 5.474152501612898e-01, 1.521343426066417e+04, 7.723689727896419e+03, 8.939085560781677e+03, 3.858805985294916e-01, 1.922631252028465e+00
185, 1.770444149808204e-03, 2.316240281952531e-02, 0.000000000000000e+00, 1.982086320490995e-03, 2.371574198026687e-03, 5.320320715459480e-01, 3.212704409562597e+00, 2.602531974008812e-01, 1.184255303234212e+05, 9.473494034095040e+03, 4.552689195816876e-01, 5.447310804183123e-01, 1.562439807985142e+04, 7.827582144744846e+03, 9.118307799286413e+03, 3.174158586839356e-01, 1.974635253000474e+00
186, 8.803077140108195e-04, 1.635673713058785e-02, 0.000000000000000e+00, 2.017391321615053e-03, 2.356478857374537e-03, 3.253430890441054e-01, 2.542543700077887e+00, 2.796040320323147e-01, 1.187323803693364e+05, 1.012410924679079e+04, 4.612371284602443e-01, 5.387628715397558e-01, 1.593033659636233e+04, 7.974788052760910e+03, 9.381469884692706e+03, 2.476649107550594e-01, 2.013349188795292e+00
187, 2.975027104868411e-04, 9.517894635561252e-03, 0.000000000000000e+00, 2.049030780869648e-03, 2.273002450789487e-03, 1.952434882271619e-01, 1.803749441749209e+00, 2.788755446938573e-01, 1.169528559954293e+05, 1.099474906755611e+04, 4.740895479147137e-01, 5.259104520852863e-01, 1.612389970733911e+04, 8.237296965870375e+03, 9.808798182665487e+03, 1.764871648005192e-01, 2.037842965963534e+00
188, 2.321125816595604e-05, 2.659746741042024e-03, 0.000000000000000e+00, 2.128505829116039e-03, 2.050263125674934e-03, 2.066277491996421e-01, 8.371731584098393e-01, 2.711048271035666e-01, 1.121296607224981e+05, 1.267512740188512e+04, 5.093619322206604e-01, 4.906380677793397e-01, 1.654330728341132e+04, 8.948156141584757e+03, 1.070122459857121e+04, 8.752055608857032e-02, 2.090915453066807e+00
4159, 1.295000000000000e+00, 3.301762424406446e-01, 5.821897993122498e-02, 1.411575523268637e-04, 1.265283817938585e-04, 1.193637788539595e+00, 1.858795391756653e-01, 3.413569502526544e-02, 8.071284763877752e+03, 5.275625440597870e+02, 5.273252507291020e-01, 4.726747492708980e-01, 3.037455067555834e+02, 2.596027300235108e+03, 8.665451373730320e+03, 3.417243813246281e+00, 3.593604371538518e-02
4160, 1.295000000000000e+00, 3.339939405931418e-01, 2.922068348825083e-02, 1.418492512852033e-04, 1.411640070477451e-04, 1.218467468005056e+00, 1.920673478713456e-01, 1.680371557209152e-02, 8.555436189171038e+03, 5.173765010172293e+02, 5.012106221480481e-01, 4.987893778519520e-01, 3.305259650988507e+02, 2.625366738571108e+03, 8.385001531074522e+03, 3.244849159222988e+00, 3.932488457361067e-02
4225, 2.321125816595604e-05, 2.619339211627139e-03, 4.618601746375043e-04, 2.128505829115277e-03, 2.050263125677531e-03, 2.066277491973202e-01, 8.715314761994637e-01, -1.216125422600453e-01, 1.121296607225676e+05, 1.267512740187831e+04, 5.093619322202543e-01, 4.906380677797456e-01, 1.654330728340872e+04, 8.948156141576990e+03, 1.070122459857121e+04, 8.752055608853601e-02, 2.090915453066479e+00
4226, 2.321125816595604e-05, 2.649625601692863e-03, 2.318122027361808e-04, 1.874516730456507e-03, 2.022770568061283e-03, 5.531531227831704e-03, 1.430412478574584e+00, 1.251448760423932e-01, 1.058543159791447e+05, 1.071221538352994e+04, 4.809798680147138e-01, 5.190201319852862e-01, 1.481444965644077e+04, 8.431238124975240e+03, 1.018353947671276e+04, 1.517626861987758e-01, 1.872143119552751e+00
4227, 1.161892334304097e+00, 3.094143454328439e-01, 5.455809731805936e-02, 1.424147039739855e-04, 1.288032735098377e-04, 1.204484315229541e+00, 1.875616631009398e-01, 3.452440112388387e-02, 8.172402412684222e+03, 5.315210694144955e+02, 5.250931567855963e-01, 4.749068432144038e-01, 3.079013524405418e+02, 2.593345128364857e+03, 8.643801456235815e+03, 3.401915483851330e+00, 3.646193089316038e-02
4228, 1.043936264910732e+00, 2.910157674742685e-01, 5.131393161729447e-02, 1.452019733298135e-04, 1.334849398744255e-04, 1.228168387942965e+00, 1.912360134420803e-01, 3.535337752398189e-02, 8.387109661318755e+03, 5.405086649770889e+02, 5.210218580425430e-01, 4.789781419574570e-01, 3.171179258339312e+02, 2.592234260021369e+03, 8.604184393864125e+03, 3.370731959846190e+00, 3.762821042758829e-02
4229, 9.394022207746211e-01, 2.747107331487388e-01, 4.843891414432594e-02, 1.483288767640848e-04, 1.381424245856952e-04, 1.253811688707321e+00, 1.952185024388670e-01, 3.622613904280562e-02, 8.610338046401415e+03, 5.505865379954332e+02, 5.177791843901879e-01, 4.822208156098122e-01, 3.274446508007649e+02, 2.598218411044265e+03, 8.569761924515478e+03, 3.339156718051977e+00, 3.893497026906283e-02
4230, 8.467574358675809e-01, 2.602601643366902e-01, 4.589088897617749e-02, 1.518741701628143e-04, 1.428778803451588e-04, 1.282043411309358e+00, 1.996114438723958e-01, 3.715996735100708e-02, 8.847391291662305e+03, 5.621185196684328e+02, 5.152607756284500e-01, 4.847392243715500e-01, 3.391794514484728e+02, 2.611285162655961e+03, 8.540377022960456e+03, 3.306588269699898e+00, 4.041991019758653e-02
4231, 7.646434744745524e-01, 2.474521746508110e-01, 4.363249482592124e-02, 1.559681208551186e-04, 1.478283804802120e-04, 1.313844238188108e+00, 2.045701382335509e-01, 3.817764011424684e-02, 9.106017541300782e+03, 5.756321218056440e+02, 5.133966986767927e-01, 4.866033013232073e-01, 3.528068723044420e+02, 2.632030756515681e+03, 8.515907669119770e+03, 3.272171212852850e+00, 4.214434523140859e-02
4232, 6.918563126672260e-01, 2.360989625797172e-01, 4.163061722008238e-02, 1.606726377735664e-04, 1.530798584228208e-04, 1.349678266002093e+00, 2.101652609929572e-01, 3.929029387890173e-02, 9.390485812083463e+03, 5.913926229399837e+02, 5.120999505068368e-01, 4.879000494931632e-01, 3.686120855736713e+02, 2.660359985299804e+03, 8.496042790904175e+03, 3.235614817112740e+00, 4.414436150496118e-02
4233, 6.273286838930814e-01, 2.260340577843232e-01, 3.985590294639242e-02, 1.659102257700869e-04, 1.586082682748553e-04, 1.388984004242031e+00, 2.163042510850383e-01, 4.048423700852490e-02, 9.697861437529287e+03, 6.091473539196678e+02, 5.112504489408550e-01, 4.887495510591450e-01, 3.864262062003125e+02, 2.694866529491621e+03, 8.480182656366378e+03, 3.197560198509174e+00, 4.639858804056102e-02
4234, 5.701144298160306e-01, 2.171098801697921e-01, 3.828232965231607e-02, 1.714799521126556e-04, 1.642862042183322e-04, 1.430307488214586e+00, 2.227545459496566e-01, 4.172067851875667e-02, 1.001868794805847e+04, 6.281847514276910e+02, 5.107124374489250e-01, 4.892875625510749e-01, 4.056432499141093e+02, 2.733131682020788e+03, 8.467526819370687e+03, 3.159324123652274e+00, 4.883034264598554e-02
4235, 5.193746269475402e-01, 2.091955759421271e-01, 3.688682428344366e-02, 1.771303751219156e-04, 1.699375593183084e-04, 1.471848612825105e+00, 2.292310314159375e-01, 4.295090577711403e-02, 1.034068924403475e+04, 6.476008808330635e+02, 5.103622592147677e-01, 4.896377407852324e-01, 4.254369183872600e+02, 2.772501571209461e+03, 8.457251760724466e+03, 3.122346144466802e+00, 5.133506424545160e-02
4236, 4.743652856452280e-01, 2.021750989198459e-01, 3.564892476697167e-02, 1.826388804185320e-04, 1.754004288380245e-04, 1.512040195397188e+00, 2.354876634403267e-01, 4.413748905484201e-02, 1.065287146971114e+04, 6.665896377265232e+02, 5.101084593135006e-01, 4.898915406864994e-01, 4.450262678028241e+02, 2.810813727386339e+03, 8.448667969251983e+03, 3.087723449634862e+00, 5.381393099353355e-02
4237, 4.344264411113166e-01, 1.959455089673181e-01, 3.455047997959065e-02, 1.878626195807722e-04, 1.805687669749708e-04, 1.549906225665717e+00, 2.413735975422825e-01, 4.526732716883539e-02, 1.094817362728583e+04, 6.846300502296308e+02, 5.098985223191590e-01, 4.901014776808411e-01, 4.638693998352542e+02, 2.846787453169723e+03, 8.441303596750367e+03, 3.056007081872060e+00, 5.619837023314388e-02
4238, 3.989724764339914e-01, 1.904154625999624e-01, 3.357538360045699e-02, 1.927488993182070e-04, 1.854023765516922e-04, 1.585121054694137e+00, 2.468417511810204e-01, 4.634989149279933e-02, 1.122402883658637e+04, 7.015263312943094e+02, 5.097137352632419e-01, 4.902862647367580e-01, 4.817260600962040e+02, 2.880027648252964e+03, 8.434906003018841e+03, 3.027244776676958e+00, 5.845797980024345e-02
4239, 3.674835357799593e-01, 1.855038736292914e-01, 3.270933794677758e-02, 1.973118936488123e-04, 1.899107059769378e-04, 1.617829471859773e+00, 2.519199672768286e-01, 4.740467540771475e-02, 1.148120300174134e+04, 7.173250871586545e+02, 5.095567609935832e-01, 4.904432390064168e-01, 4.985960090057923e+02, 2.910746909294108e+03, 8.429380773741286e+03, 3.001167418289461e+00, 6.059272937802138e-02
4240, 3.394979018312223e-01, 1.811387242090535e-01, 3.193964432916573e-02, 2.015964420622545e-04, 1.940893414929758e-04, 1.648320059209675e+00, 2.566493111407221e-01, 4.844339370665122e-02, 1.172076415024177e+04, 7.321865419320536e+02, 5.094861893973388e-01, 4.905138106026611e-01, 5.145719583929699e+02, 2.939621729315286e+03, 8.425046752690105e+03, 2.977509871603462e+00, 6.261435086553489e-02
4241, 3.146052256976335e-01, 1.772560088490318e-01, 3.125501685278272e-02, 2.056060742672004e-04, 1.980578108570510e-04, 1.676846553924607e+00, 2.610652408040572e-01, 4.946880534810638e-02, 1.194674712759115e+04, 7.461131466052782e+02, 5.093496887984245e-01, 4.906503112015757e-01, 5.297148547038198e+02, 2.966048619648312e+03, 8.420752865169197e+03, 2.955748834656311e+00, 6.453055652087915e-02
4242, 2.924405100365236e-01, 1.737987959127425e-01, 3.064541693406058e-02, 2.093130393659808e-04, 2.019258069500828e-04, 1.703449051651454e+00, 2.651751638626146e-01, 5.047171987667730e-02, 1.216199462229764e+04, 7.589781370724163e+02, 5.089816811836647e-01, 4.910183188163353e-01, 5.439831151388039e+02, 2.989097580431904e+03, 8.415192304982338e+03, 2.935494241080236e+00, 6.633608439191473e-02
4243, 2.726787571548399e-01, 1.707163928379227e-01, 3.010190610655113e-02, 2.127213353256317e-04, 2.056444587376595e-04, 1.728075995319529e+00, 2.689620958578144e-01, 5.143694761071606e-02, 1.236496371300782e+04, 7.707807945298351e+02, 5.084577619494647e-01, 4.915422380505353e-01, 5.573209355230475e+02, 3.009160945841298e+03, 8.408778600132791e+03, 2.916784250145790e+00, 6.802387293154444e-02
4244, 2.550302036197720e-01, 1.679636028395702e-01, 2.961651495761716e-02, 2.158198974581085e-04, 2.091637816785661e-04, 1.750594091952763e+00, 2.723957316280887e-01, 5.235232631135964e-02, 1.255371999758278e+04, 7.814710989393179e+02, 5.078310251737946e-01, 4.921689748262053e-01, 5.696248610973701e+02, 3.026428809910728e+03, 8.401805092103314e+03, 2.899698185002626e+00, 6.958083081360818e-02
4245, 2.392360715037206e-01, 1.655000621966878e-01, 2.918212627420512e-02, 2.185986770900500e-04, 2.124450482041515e-04, 1.770897725307638e+00, 2.754589830331537e-01, 5.321361702187966e-02, 1.272674415096556e+04, 7.910063897525707e+02, 5.071380564485638e-01, 4.928619435514362e-01, 5.808038881513605e+02, 3.041027344500644e+03, 8.394474412407726e+03, 2.884286423471911e+00, 7.099544228702588e-02
4246, 2.250647739647891e-01, 1.632896484054763e-01, 2.879237068428444e-02, 2.210687705672897e-04, 2.154743956583528e-04, 1.789038879720627e+00, 2.781838692587026e-01, 5.402670088416960e-02, 1.288387496963794e+04, 7.994236751890647e+02, 5.064075850245304e-01, 4.935924149754697e-01, 5.908574050428762e+02, 3.053199439669457e+03, 8.386953359050676e+03, 2.870491511994433e+00, 7.226762995364935e-02
4247, 2.123085195258328e-01, 1.612999505208182e-01, 2.844153326376066e-02, 2.232812748357334e-04, 2.182768035204528e-04, 1.805348763687511e+00, 2.806785202692957e-01, 5.481036939187455e-02, 1.302722676198859e+04, 8.069077162969930e+02, 5.056668324741233e-01, 4.943331675258767e-01, 5.999524141854999e+02, 3.063467796561198e+03, 8.379415570979472e+03, 2.858071978168682e+00, 7.341852655868100e-02
4248, 2.007802652611475e-01, 1.595017939197555e-01, 2.812446973945428e-02, 2.253307545612202e-04, 2.209185088785878e-04, 1.820459816957582e+00, 2.831006043830890e-01, 5.559770428576165e-02, 1.316134167060333e+04, 8.138031858336818e+02, 5.049437008014552e-01, 4.950562991985447e-01, 6.084418899068089e+02, 3.072669375161966e+03, 8.372055675339652e+03, 2.846591647962083e+00, 7.449279802261649e-02
4249, 1.903109742158616e-01, 1.578688125186430e-01, 2.783653105944303e-02, 2.273183390172818e-04, 2.234764070073723e-04, 1.835063068883253e+00, 2.855256800086803e-01, 5.642472080019741e-02, 1.329125826257507e+04, 8.204795727993669e+02, 5.042612874748317e-01, 4.957387125251683e-01, 6.167193131639261e+02, 3.081660230901595e+03, 8.365044332708931e+03, 2.835587091099275e+00, 7.554023603786603e-02
4250, 1.807471368440085e-01, 1.563770621714660e-01, 2.757349522475452e-02, 2.292589922481689e-04, 2.259603936061557e-04, 1.849295509522079e+00, 2.877152749446153e-01, 5.729458302875109e-02, 1.341766116589170e+04, 8.269921294339784e+02, 5.036230867407181e-01, 4.963769132592820e-01, 6.248398817953838e+02, 3.090571380693939e+03, 8.358406533469679e+03, 2.824978630642549e+00, 7.656782542478278e-02
4251, 1.719485201225209e-01, 1.550046695806443e-01, 2.733150538286825e-02, 2.309618191400735e-04, 2.282115541275341e-04, 1.861943135414809e+00, 2.889112315271231e-01, 5.812511998044552e-02, 1.353058990637097e+04, 8.326441787333044e+02, 5.029948001916660e-01, 4.970051998083341e-01, 6.320191094683809e+02, 3.097861443550277e+03, 8.351866527134553e+03, 2.815587246516965e+00, 7.747629606247343e-02
4252, 1.637861113367645e-01, 1.537315115723549e-01, 2.710701327530178e-02, 2.319753538402827e-04, 2.298529097965514e-04, 1.870063136641980e+00, 2.879061167239014e-01, 5.872175349047495e-02, 1.360650511436705e+04, 8.357863555443322e+02, 5.022978715367239e-01, 4.977021284632761e-01, 6.363807493327159e+02, 3.099865590935747e+03, 8.344780073745642e+03, 2.809381367001329e+00, 7.802822475583873e-02
4253, 1.561402263876655e-01, 1.525389200336426e-01, 2.689672721006217e-02, 2.317313328084316e-04, 2.304066711443423e-04, 1.869907807907434e+00, 2.836863279613183e-01, 5.884588660956994e-02, 1.361574631274671e+04, 8.343408923883532e+02, 5.014331884120752e-01, 4.985668115879248e-01, 6.355049456156898e+02, 3.091739716745738e+03, 8.336312941287179e+03, 2.808998089639016e+00, 7.791739919109295e-02
4254, 1.488987548828420e-01, 1.514094081848543e-01, 2.669756379609090e-02, 2.300267545832242e-04, 2.297006315532057e-04, 1.860072764455871e+00, 2.769227597069212e-01, 5.845417687934458e-02, 1.354781824601306e+04, 8.275626523622174e+02, 5.003546917584780e-01, 4.996453082415220e-01, 6.283837632726563e+02, 3.070915106323038e+03, 8.326046957360813e+03, 2.815933674784000e+00, 7.701627369975075e-02
4255, 1.419555162797883e-01, 1.503264141737767e-01, 2.650660273199223e-02, 2.280328766052555e-04, 2.287297885430819e-04, 1.848067351654943e+00, 2.726394552832480e-01, 5.818699357119484e-02, 1.346446287087147e+04, 8.197253192987321e+02, 4.992371181020235e-01, 5.007628818979766e-01, 6.196965033180109e+02, 3.045847478380461e+03, 8.315398969611851e+03, 2.825611311045986e+00, 7.591697431125728e-02
4256, 1.352087029775046e-01, 1.492740582318365e-01, 2.632104398611930e-02, 2.301663446303476e-04, 2.312492253812143e-04, 1.862201805168086e+00, 2.846779324013935e-01, 6.022941356193628e-02, 1.359746873102458e+04, 8.269560045211496e+02, 4.988265667423842e-01, 5.011734332576158e-01, 6.281809521957839e+02, 3.055578411646664e+03, 8.310597605141811e+03, 2.815818587814886e+00, 7.699060967059201e-02
4257, 1.285593875278688e-01, 1.482369098315849e-01, 2.613816674015634e-02, 2.450215028609900e-04, 2.459835975998382e-04, 1.960065377648120e+00, 3.399603494836599e-01, 6.926929475599185e-02, 1.444458903401807e+04, 8.800989971713361e+02, 4.990202803006066e-01, 5.009797196993934e-01, 6.901247638461596e+02, 3.154994222970623e+03, 8.310898829996586e+03, 2.750416000117860e+00, 8.482907595613230e-02
4258, 1.218061566492055e-01, 1.470294451445919e-01, 2.592525813758676e-02, 2.765792813420294e-04, 2.774683854272665e-04, 2.164871858438898e+00, 4.559416407914090e-01, 8.812118148002385e-02, 1.625042438628258e+04, 9.932178794616952e+02, 4.991976285267822e-01, 5.008023714732177e-01, 8.240519118947975e+02, 3.338994613529224e+03, 8.311185256077442e+03, 2.635675712242672e+00, 1.017764256062155e-01
4259, 1.151149800788232e-01, 1.455237567133387e-01, 2.565976464261623e-02, 3.189543318084406e-04, 3.197772692646971e-04, 2.425917914458832e+00, 6.205946397094416e-01, 1.145223400040385e-01, 1.866643595128693e+04, 1.145173440521678e+03, 4.993558033962358e-01, 5.006441966037642e-01, 1.013850727565258e+03, 3.563769982983287e+03, 8.311522216713638e+03, 2.505513231363078e+00, 1.257938629906868e-01
4260, 1.084994297085858e-01, 1.437228985658212e-01, 2.534222476278022e-02, 3.657009875180148e-04, 3.664446537555915e-04, 2.693226364963106e+00, 8.142354526612995e-01, 1.450927218116513e-01, 2.131571426578764e+04, 1.312891622651357e+03, 4.994921323056141e-01, 5.005078676943859e-01, 1.238252898438414e+03, 3.797566431478360e+03, 8.312084742309526e+03, 2.380079433317234e+00, 1.541900627712118e-01
4261, 1.019729240357190e-01, 1.416305234306415e-01, 2.497328257268452e-02, 4.168981007803583e-04, 4.175552844935095e-04, 2.961919258775006e+00, 1.037714652448884e+00, 1.798774401126060e-01, 2.419934990475896e+04, 1.496801119630128e+03, 4.996062190382657e-01, 5.003937809617344e-01, 1.501020638531368e+03, 4.039346528588440e+03, 8.313130308262771e+03, 2.259379121901030e+00, 1.874411013619851e-01
4262, 9.554870094571408e-02, 1.392508753280813e-01, 2.455368640761144e-02, 4.725742106566538e-04, 4.731440634825129e-04, 3.226518078259293e+00, 1.291051498699219e+00, 2.187816813235797e-01, 2.731548721432374e+04, 1.697258645607610e+03, 4.996987195650958e-01, 5.003012804349042e-01, 1.805753509034279e+03, 4.287952751374155e+03, 8.315026352307177e+03, 2.143350504443630e+00, 2.260024728354581e-01
4263, 8.923979086157234e-02, 1.365887809618424e-01, 2.408428734565154e-02, 5.326621655609623e-04, 5.330895344371720e-04, 3.480887571914598e+00, 1.573176517324375e+00, 2.616305562195639e-01, 3.065500519966378e+04, 1.914492727899222e+03, 4.997994988531520e-01, 5.002005011468480e-01, 2.155284155798434e+03, 4.541831109546985e+03, 8.318574339739280e+03, 2.032122320183000e+00, 2.702326246040943e-01
4264, 8.305899031385024e-02, 1.336496399289153e-01, 2.356603748143913e-02, 5.969987099117318e-04, 5.972102301620028e-04, 3.718505360976440e+00, 1.881945866752028e+00, 3.080370884700547e-01, 3.420479165248272e+04, 2.148570039397146e+03, 4.999114391781986e-01, 5.000885608218014e-01, 2.551773725807979e+03, 4.799287077551167e+03, 8.324421070053359e+03, 1.925652133779454e+00, 3.204050315691301e-01
4265, 7.701883598511533e-02, 1.304394137674316e-01, 2.299998799499339e-02, 6.653153002107494e-04, 6.652114471232268e-04, 3.932693557397245e+00, 2.214061961368783e+00, 3.574500084428386e-01, 3.794606538994507e+04, 2.399462791947993e+03, 5.000390270574157e-01, 4.999609729425843e-01, 2.996297230943449e+03, 5.058399299740260e+03, 8.333365453663282e+03, 1.823907394889595e+00, 3.766557274062090e-01
4266, 7.113157928145880e-02, 1.269646138647184e-01, 2.238728701958190e-02, 7.369389428355981e-04, 7.372716813519318e-04, 4.116558443248785e+00, 2.564491011286244e+00, 4.090834444873155e-01, 4.186607246812201e+04, 2.665525165859049e+03, 4.998871468869935e-01, 5.001128531130065e-01, 3.487502430829637e+03, 5.313281612543820e+03, 8.343582592328312e+03, 1.726685910665976e+00, 4.388135975147174e-01
4267, 6.540916148264168e-02, 1.232322882500771e-01, 2.172917731293133e-02, 8.109540082989243e-04, 8.141008810942416e-04, 4.263276255481824e+00, 2.926632867795417e+00, 4.619505394010691e-01, 4.596312116407036e+04, 2.943965177992100e+03, 4.990317641527505e-01, 5.009682358472496e-01, 4.023019993222937e+03, 5.557051725753561e+03, 8.351880053120840e+03, 1.633195742152246e+00, 5.065788229068352e-01
4268, 5.986318952127878e-02, 1.192500072990776e-01, 2.102699373650875e-02, 8.866414221395375e-04, 8.956151065036009e-04, 4.366698255108643e+00, 3.292980055475354e+00, 5.148664998584668e-01, 5.021555478483604e+04, 3.233302056520778e+03, 4.974824936197891e-01, 5.025175063802110e-01, 4.600335856092417e+03, 5.788040601552824e+03, 8.358778392220847e+03, 1.542892030363936e+00, 5.796332702623133e-01
4269, 5.450491244018765e-02, 1.150258483783640e-01, 2.028216054798660e-02, 9.632499098557014e-04, 9.816621573994989e-04, 4.421691833039433e+00, 3.654969818458394e+00, 5.664774591099520e-01, 5.459963518244310e+04, 3.531962091309910e+03, 4.952665604132473e-01, 5.047334395867527e-01, 5.215978195967830e+03, 6.004930822854717e+03, 8.364762050750141e+03, 1.455293003516775e+00, 6.575376096384856e-01
4270, 4.934519857565527e-02, 1.105683794621162e-01, 1.949618851238279e-02, 1.039999250060021e-03, 1.071981077390996e-03, 4.424331678532539e+00, 4.003142234055408e+00, 6.153145762197605e-01, 5.908847260724569e+04, 3.838190223170359e+03, 4.924284741398197e-01, 5.075715258601804e-01, 5.865428734265206e+03, 6.206742847316161e+03, 8.370244724245276e+03, 1.369990747990740e+00, 7.397200910347382e-01
4271, 4.439451351290143e-02, 1.058866417533994e-01, 1.867067183773580e-02, 1.116077875096903e-03, 1.166150571554196e-03, 4.372100743784058e+00, 4.327351388383636e+00, 6.600199579527710e-01, 6.365052209511260e+04, 4.149939507123688e+03, 4.890298675991949e-01, 5.109701324008050e-01, 6.542950734718547e+03, 6.392790040034637e+03, 8.375562092410837e+03, 1.286670112304923e+00, 8.254547789199503e-01
4272, 3.966289885845342e-02, 1.009901313456511e-01, 1.780728494152996e-02, 1.190698578318977e-03, 1.263580552559181e-03, 4.264206566477234e+00, 4.617113844796408e+00, 7.001075966841301e-01, 6.825069954504765e+04, 4.464997357693225e+03, 4.851520608794554e-01, 5.148479391205447e-01, 7.241873696841638e+03, 6.562808560455858e+03, 8.381015274229867e+03, 1.205085621544989e+00, 9.138975777860188e-01
4273, 3.515995187248769e-02, 9.588877996150112e-02, 1.690777905442985e-02, 1.264031226577219e-03, 1.364412429042469e-03, 4.101270254014098e+00, 4.864050777503296e+00, 7.337913222745402e-01, 7.289773862997068e+04, 4.784528751786207e+03, 4.809048213282729e-01, 5.190951786717271e-01, 7.963490354568010e+03, 6.719726326602926e+03, 8.387027301729540e+03, 1.124220111559497e+00, 1.005212072195859e+00
4274, 3.089480600245098e-02, 9.059293480799414e-02, 1.597397866821241e-02, 1.337806817797913e-03, 1.469392537980916e-03, 3.894862789852232e+00, 5.071349101818542e+00, 7.591485718885558e-01, 7.766394997921497e+04, 5.116513720883996e+03, 4.765628116307229e-01, 5.234371883692771e-01, 8.710403196769947e+03, 6.862340049606823e+03, 8.395876768423477e+03, 1.045419670762834e+00, 1.099727585139781e+00
4275, 2.687611235744550e-02, 8.511333758907347e-02, 1.500777783510162e-02, 1.410626193644251e-03, 1.574538169430492e-03, 3.673491569470840e+00, 5.249147406445868e+00, 7.818088041359483e-01, 8.242216342303898e+04, 5.458600165505668e+03, 4.725455693807409e-01, 5.274544306192591e-01, 9.440509156763113e+03, 6.975746527550662e+03, 8.411861601246346e+03, 9.757383200163605e-01, 1.192116329064353e+00
4276, 2.311202216095348e-02, 7.946110271789671e-02, 1.401113632601192e-02, 1.481977779200748e-03, 1.680006235488707e-03, 3.415065860607769e+00, 5.382830894947976e+00, 7.970169624820314e-01, 8.714902019927646e+04, 5.808151670688545e+03, 4.686860440520905e-01, 5.313139559479094e-01, 1.016919330636888e+04, 7.076106765666195e+03, 8.432496154153341e+03, 9.089222191713132e-01, 1.284325154890746e+00
4277, 1.961017021749339e-02, 7.364769477317498e-02, 1.298607565549254e-02, 1.549780269043995e-03, 1.783040165283612e-03, 3.124335094843133e+00, 5.454554522624530e+00, 8.035001622163092e-01, 9.171120516494849e+04, 6.157762963043351e+03, 4.650056309909362e-01, 5.349943690090637e-01, 1.088140367857113e+04, 7.166349830417036e+03, 8.457896891866403e+03, 8.439718168590032e-01, 1.374449363298021e+00
4278, 1.637765942674216e-02, 6.768490524526241e-02, 1.193467498143566e-02, 1.614894618455863e-03, 1.883595462818383e-03, 2.807982456393163e+00, 5.459504413147393e+00, 7.988424225074049e-01, 9.612784052227983e+04, 6.512426215612709e+03, 4.615975980894232e-01, 5.384024019105769e-01, 1.158226588085187e+04, 7.250612889557914e+03, 8.489339439611649e+03, 7.798061031100512e-01, 1.463137556630305e+00
4279, 1.342104637653449e-02, 6.158482861916156e-02, 1.085906688786502e-02, 1.679279962768634e-03, 1.982900896265270e-03, 2.472073818512628e+00, 5.391750974000303e+00, 7.789701254443722e-01, 1.004797207903755e+05, 6.882553649643668e+03, 4.585464310497308e-01, 5.414535689502692e-01, 1.228689768664704e+04, 7.333373259341851e+03, 8.528391543664475e+03, 7.148775958939739e-01, 1.552302761455270e+00
4280, 1.074632804396089e-02, 5.535983784295728e-02, 9.761433059358877e-03, 1.740919720536388e-03, 2.077689963682835e-03, 2.122263316125110e+00, 5.240888304477124e+00, 7.409074900403074e-01, 1.046228207051355e+05, 7.262966547668067e+03, 4.559040762220105e-01, 5.440959237779894e-01, 1.297385547590555e+04, 7.413465901108379e+03, 8.576508054968144e+03, 6.492912575582235e-01, 1.639231468734127e+00
4281, 8.358929631539169e-03, 4.902255923143594e-02, 8.643999855880985e-03, 1.797043117373747e-03, 2.163226308538414e-03, 1.767984531112971e+00, 5.003031337174269e+00, 6.867191375318092e-01, 1.083557231273954e+05, 7.646038571387377e+03, 4.537678940770141e-01, 5.462321059229858e-01, 1.361102426464593e+04, 7.488988664882823e+03, 8.636079958605114e+03, 5.839291896501236e-01, 1.719859798436045e+00
4282, 6.263693563131251e-03, 4.258584685579456e-02, 7.509033796995328e-03, 1.848593316128660e-03, 2.238240731497379e-03, 1.421325255914818e+00, 4.681206010283169e+00, 6.160184717696510e-01, 1.116678970215409e+05, 8.042309721754547e+03, 4.523289408344026e-01, 5.476710591655976e-01, 1.419774220304036e+04, 7.562848601549998e+03, 8.711617992998072e+03, 5.186111822213041e-01, 1.794103999054244e+00
4283, 4.464869661926191e-03, 3.606275647138543e-02, 6.358836964624048e-03, 1.896479710272721e-03, 2.300966054519733e-03, 1.092792906420919e+00, 4.275667550398339e+00, 5.286741871294188e-01, 1.145322668256104e+05, 8.465671675941043e+03, 4.518175615704456e-01, 5.481824384295543e-01, 1.473399070575269e+04, 7.639148387945841e+03, 8.809335398944677e+03, 4.527831914127045e-01, 1.861961718771378e+00
4284, 2.966106530410018e-03, 2.946651903637929e-02, 5.195742333673266e-03, 1.941007757294601e-03, 2.347708904029680e-03, 7.925955522808295e-01, 3.785173803914927e+00, 4.239575145721823e-01, 1.168509701889696e+05, 8.933635642184416e+03, 4.525847498387202e-01, 5.474152501612797e-01, 1.521343426066262e+04, 7.723689727896442e+03, 8.939085560781677e+03, 3.858805985294775e-01, 1.922631252028268e+00
4285, 1.770444149808204e-03, 2.281051387506035e-02, 4.022109039997939e-03, 1.982086320491132e-03, 2.371574198026825e-03, 5.320320715461925e-01, 3.209088704134302e+00, 3.015808995562387e-01, 1.184255303234300e+05, 9.473494034094696e+03, 4.552689195816903e-01, 5.447310804183096e-01, 1.562439807985399e+04, 7.827582144745654e+03, 9.118307799286413e+03, 3.174158586838913e-01, 1.974635253000800e+00
4286, 8.803077140108195e-04, 1.610824154018557e-02, 2.840317595303595e-03, 2.017391321615057e-03, 2.356478857374905e-03, 3.253430890444368e-01, 2.552469478839478e+00, 1.661518616380179e-01, 1.187323803693500e+05, 1.012410924679168e+04, 4.612371284602060e-01, 5.387628715397940e-01, 1.593033659636296e+04, 7.974788052760349e+03, 9.381469884692706e+03, 2.476649107550170e-01, 2.013349188795372e+00
4287, 2.975027104868411e-04, 9.373296429454024e-03, 1.652765058691063e-03, 2.049030780869064e-03, 2.273002450790317e-03, 1.952434882266877e-01, 1.824772664857861e+00, 3.857900498767394e-02, 1.169528559954435e+05, 1.099474906754407e+04, 4.740895479145514e-01, 5.259104520854485e-01, 1.612389970733947e+04, 8.237296965869215e+03, 9.808798182665487e+03, 1.764871648004897e-01, 2.037842965963580e+00
4288, 2.975027104868411e-04, 9.481676172941985e-03, 8.295391763562921e-04, 1.822146303574151e-03, 2.194583826513945e-03, 1.366304106150146e-01, 2.434890624679458e+00, 2.130253265852848e-01, 1.100352912434309e+05, 9.372584631777245e+03, 4.536392151230202e-01, 5.463607848769798e-01, 1.459758708623576e+04, 7.918253071601279e+03, 9.418446271065113e+03, 2.561569273918338e-01, 1.844700992569317e+00
4289, 8.803077140108195e-04, 1.629449480757201e-02, 1.425583573544583e-03, 1.797770548738276e-03, 2.282061037672882e-03, 3.157261082129789e-01, 2.957696933441771e+00, 2.587649518214635e-01, 1.123239126677255e+05, 8.621348530622026e+03, 4.406482254625840e-01, 5.593517745374160e-01, 1.454786290384052e+04, 7.704503371953873e+03, 9.003418246276124e+03, 3.101925836997741e-01, 1.838408817178480e+00
4290, 1.770444149808204e-03, 2.307426288387641e-02, 2.018736421556180e-03, 1.781934487447866e-03, 2.331916895671318e-03, 5.241242222969402e-01, 3.386339536567568e+00, 2.962663202991304e-01, 1.136490086525502e+05, 8.100080985579237e+03, 4.331548034914125e-01, 5.668451965085873e-01, 1.450010848590686e+04, 7.579286909902597e+03, 8.726414497072983e+03, 3.562131130621570e-01, 1.832365898846761e+00
4291, 2.966106530410018e-03, 2.980722881747728e-02, 2.607794612652495e-03, 1.760386558706528e-03, 2.345466269888335e-03, 7.635568105845382e-01, 3.775066172884741e+00, 3.302754941873850e-01, 1.137140690660972e+05, 7.670235883934462e+03, 4.287505256999144e-01, 5.712494743000855e-01, 1.433629429716185e+04, 7.487212660332702e+03, 8.529102193120343e+03, 4.028801098139997e-01, 1.811636596574915e+00
4292, 4.464869661926191e-03, 3.647973595403102e-02, 3.191563344396772e-03, 1.733600292321346e-03, 2.331948500642188e-03, 1.031622102658063e+00, 4.124459478605719e+00, 3.608434475496307e-01, 1.128084157647156e+05, 7.298438272871047e+03, 4.264123690562471e-01, 5.735876309437530e-01, 1.406988361222532e+04, 7.409897129442415e+03, 8.383804328879341e+03, 4.510119519201290e-01, 1.777924574076700e+00
4293, 6.263693563131251e-03, 4.307825026938396e-02, 3.768858543103678e-03, 1.702077050619490e-03, 2.297216180620120e-03, 1.324196697182722e+00, 4.430812118216701e+00, 3.876458305570077e-01, 1.111243706402213e+05, 6.965028286789429e+03, 4.255944618724341e-01, 5.744055381275660e-01, 1.371526622000532e+04, 7.338987867038531e+03, 8.274877264705719e+03, 5.008968939758897e-01, 1.733050737625181e+00
4294, 8.358929631539169e-03, 4.958938782099499e-02, 4.338509265527584e-03, 1.665815723435710e-03, 2.245043696131438e-03, 1.636073198619239e+00, 4.690130520049980e+00, 4.103332509610675e-01, 1.087837549096232e+05, 6.655843561794187e+03, 4.259462038193338e-01, 5.740537961806661e-01, 1.328267162261188e+04, 7.269849908958521e+03, 8.192500114230643e+03, 5.528302048541225e-01, 1.678309544330292e+00
4295, 1.074632804396089e-02, 5.599994189494278e-02, 4.899360073917944e-03, 1.623718996526163e-03, 2.177199371334043e-03, 1.960144281349523e+00, 4.896235180382089e+00, 4.283650722399706e-01, 1.058225109448656e+05, 6.356882145965423e+03, 4.271912310077483e-01, 5.728087689922517e-01, 1.277288155378397e+04, 7.198735310548802e+03, 8.129812068137835e+03, 6.071540122733812e-01, 1.613799915995424e+00
4296, 1.342104637653449e-02, 6.229690979345592e-02, 5.450273379624505e-03, 1.575359521607308e-03, 2.095996175473010e-03, 2.287452919683002e+00, 5.041995126271620e+00, 4.411174151015760e-01, 1.023052582751371e+05, 6.059598772186151e+03, 4.290947681424953e-01, 5.709052318575047e-01, 1.219236880697208e+04, 7.122679894708635e+03, 8.081606242975977e+03, 6.638157523380458e-01, 1.540340929972826e+00
4297, 1.637765942674216e-02, 6.846751920863151e-02, 5.990131750498700e-03, 1.520518233048156e-03, 2.003694256576882e-03, 2.607453572851780e+00, 5.120930282476789e+00, 4.480233464232061e-01, 9.829920657842078e+04, 5.758382464762093e+03, 4.314490790565053e-01, 5.685509209434947e-01, 1.155063500417655e+04, 7.040069348238366e+03, 8.043947647087043e+03, 7.225350559319129e-01, 1.459134936291069e+00
4298, 1.961017021749339e-02, 7.449925412884781e-02, 6.517840177411071e-03, 1.462052575023692e-03, 1.905850474633225e-03, 2.911993342205577e+00, 5.133730984861692e+00, 4.491432627673485e-01, 9.403856399016462e+04, 5.460571882069235e+03, 4.341136171282095e-01, 5.658863828717905e-01, 1.088201655461191e+04, 6.952185288388329e+03, 8.014114826667355e+03, 7.821546833721993e-01, 1.374526917585607e+00
4299, 2.311202216095348e-02, 8.037988022532455e-02, 7.032328295287492e-03, 1.400526283289421e-03, 1.804540605806651e-03, 3.194416439380803e+00, 5.083748407069098e+00, 4.447703538363181e-01, 8.959857963122094e+04, 5.165556813604027e+03, 4.369725599344396e-01, 5.630274400655604e-01, 1.019678802773328e+04, 6.857905176717401e+03, 7.990109762253269e+03, 8.426595125442612e-01, 1.287817033858327e+00
4300, 2.687611235744550e-02, 8.609746966733799e-02, 7.532552554159181e-03, 1.336226758837267e-03, 1.701130404626996e-03, 3.448143269939836e+00, 4.976645773842388e+00, 4.354000875955186e-01, 8.502643995661830e+04, 4.872501875317025e+03, 4.399307315288635e-01, 5.600692684711366e-01, 9.500839223999870e+03, 6.755445708590272e+03, 7.970524580864731e+03, 9.043631945560604e-01, 1.199750589621466e+00
4301, 3.089480600245098e-02, 9.164042531575821e-02, 8.017498335822937e-03, 1.268448902903265e-03, 1.595528075121689e-03, 3.668333659438180e+00, 4.814999553783743e+00, 4.212578758380629e-01, 8.030203799658563e+04, 4.577623897025568e+03, 4.428977301968428e-01, 5.571022698031574e-01, 8.790914501870724e+03, 6.641698861859482e+03, 7.954372276413778e+03, 9.680823321673729e-01, 1.109915610929981e+00
4302, 3.515995187248769e-02, 9.699750424583556e-02, 8.486182011818291e-03, 1.198937836762844e-03, 1.490209049653283e-03, 3.850299486058796e+00, 4.611214298439414e+00, 4.034289762021589e-01, 7.554016537143025e+04, 4.286542166522465e+03, 4.458431939211358e-01, 5.541568060788641e-01, 8.082497417041575e+03, 6.515803815553432e+03, 7.941445707948878e+03, 1.034111299731437e+00, 1.020271411007706e+00
4303, 3.966289885845342e-02, 1.021578405515249e-01, 8.937652938547352e-03, 1.129897055493022e-03, 1.386620872282210e-03, 4.012724772535689e+00, 4.389300899694999e+00, 3.840140695275777e-01, 7.084895071214761e+04, 4.007560168160055e+03, 4.489922535508920e-01, 5.510077464491080e-01, 7.373339479421002e+03, 6.364759809045867e+03, 7.934331158994610e+03, 1.108097926143405e+00, 9.305334624207394e-01
4304, 4.439451351290143e-02, 1.071109673850922e-01, 9.370995385490551e-03, 1.062159492580637e-03, 1.287345904503355e-03, 4.141898149846562e+00, 4.138184671102265e+00, 3.620442462980152e-01, 6.631165900819450e+04, 3.741521777088392e+03, 4.520779113335514e-01, 5.479220886664488e-01, 6.691922356053471e+03, 6.199506696544814e+03, 7.930496232410951e+03, 1.185218572929253e+00, 8.443058796227434e-01
4305, 4.934519857565527e-02, 1.118468381873014e-01, 9.785330392607282e-03, 9.938908823765972e-04, 1.191342152957859e-03, 4.221234742213240e+00, 3.855255161812006e+00, 3.372911216586487e-01, 6.184460922446865e+04, 3.480195972228465e+03, 4.548214612838669e-01, 5.451785387161332e-01, 6.036400334429724e+03, 6.023284742370332e+03, 7.927404763885716e+03, 1.263522243474013e+00, 7.613551032816206e-01
4306, 5.450491244018765e-02, 1.163558470651182e-01, 1.017981755315400e-02, 9.243935646018293e-04, 1.097725692812527e-03, 4.250029365551242e+00, 3.546006571460452e+00, 3.102353757909784e-01, 5.740381468137914e+04, 3.220424344258862e+03, 4.571409728740891e-01, 5.428590271259109e-01, 5.400317811101647e+03, 5.832007753130770e+03, 7.924554038370843e+03, 1.344583813336759e+00, 6.808642312947609e-01
4307, 5.986318952127878e-02, 1.206288482755988e-01, 1.055365671830360e-02, 8.545249906693754e-04, 1.007273289277623e-03, 4.229088406677847e+00, 3.219099704823578e+00, 2.816347309316365e-01, 5.303065863431049e+04, 2.964447500126926e+03, 4.589782899002904e-01, 5.410217100997096e-01, 4.791509803948080e+03, 5.626816909327119e+03, 7.921522162832844e+03, 1.428442366739847e+00, 6.038247190126448e-01
4308, 6.540916148264168e-02, 1.246571747764446e-01, 1.090608962010866e-02, 7.850709196046425e-04, 9.205249388483600e-04, 4.160845275447735e+00, 2.883123372333938e+00, 2.522406106259213e-01, 4.875878587446125e+04, 2.714159064426684e+03, 4.602912909959291e-01, 5.397087090040709e-01, 4.215960546304397e+03, 5.408958180036751e+03, 7.917871628739522e+03, 1.515291646343998e+00, 5.309938206305562e-01
4309, 7.113157928145880e-02, 1.284326558055949e-01, 1.123640140951650e-02, 7.167445917501082e-04, 8.378413388021377e-04, 4.049034924732873e+00, 2.546165925237132e+00, 2.227606539138297e-01, 4.461570194930392e+04, 2.471169096015567e+03, 4.610517679749580e-01, 5.389482320250421e-01, 3.678056019218810e+03, 5.179780785769542e+03, 7.913136807561386e+03, 1.605458666342105e+00, 4.629265450131330e-01
4310, 7.701883598511533e-02, 1.319476334542016e-01, 1.154392210631660e-02, 6.502163301124093e-04, 7.594817832972642e-04, 3.898531323398360e+00, 2.215585467734424e+00, 1.938386114992942e-01, 4.062571966689477e+04, 2.236977191439696e+03, 4.612450878150884e-01, 5.387549121849116e-01, 3.181009913400531e+03, 4.940845075017105e+03, 7.906849536827940e+03, 1.699354410993183e+00, 4.000295575819109e-01
4311, 8.305899031385024e-02, 1.351949781993702e-01, 1.182802795807933e-02, 5.862770600394565e-04, 6.852507059382319e-04, 3.714990284124947e+00, 1.897949325194305e+00, 1.660490499013905e-01, 3.680107128609777e+04, 2.013896458738598e+03, 4.610808161068061e-01, 5.389191838931938e-01, 2.727487523104296e+03, 4.696268247943443e+03, 7.900437637614959e+03, 1.797449222669179e+00, 3.426401288179945e-01
4312, 8.923979086157234e-02, 1.381681033651605e-01, 1.208814270532961e-02, 5.256885170708630e-04, 6.148679438808673e-04, 3.504404026868186e+00, 1.598764434178920e+00, 1.398737636394135e-01, 3.315062088230037e+04, 1.804233208242724e+03, 4.609052993590562e-01, 5.390947006409437e-01, 2.319585067360625e+03, 4.452049220308341e+03, 7.896363090726663e+03, 1.899889363407582e+00, 2.910235175383678e-01
4313, 9.554870094571408e-02, 1.408609784825177e-01, 1.232373875038941e-02, 4.687352663704216e-04, 5.486684615048983e-04, 3.273047088083796e+00, 1.321938704870556e+00, 1.156546505528489e-01, 2.969464929234494e+04, 1.608212694449262e+03, 4.607170718248673e-01, 5.392829281751326e-01, 1.956863424308737e+03, 4.209984755862140e+03, 7.893988687949604e+03, 2.006774985393841e+00, 2.451241565796730e-01
4314, 1.019729240357190e-01, 1.432681415210333e-01, 1.253433822751814e-02, 4.156210647653213e-04, 4.868917838475270e-04, 3.027256496915915e+00, 1.070346509385977e+00, 9.364318561617482e-02, 2.644893974994880e+04, 1.426007421314275e+03, 4.605153992035970e-01, 5.394846007964030e-01, 1.637854190072760e+03, 3.971716839613313e+03, 7.892786050229915e+03, 2.118205167493182e+00, 2.047562318312196e-01
4315, 1.084994297085858e-01, 1.453847099677270e-01, 1.271951397218052e-02, 3.664513943894771e-04, 4.296190243800265e-04, 2.773058239435188e+00, 8.457200855103114e-01, 7.399091999834703e-02, 2.342211607963479e+04, 1.257673236222176e+03, 4.603253503074587e-01, 5.396746496925413e-01, 1.360046223745594e+03, 3.738565621965924e+03, 7.892608260179986e+03, 2.234463167751959e+00, 1.696019796163126e-01
4316, 1.151149800788232e-01, 1.472063907303784e-01, 1.287889038747578e-02, 3.212650215775812e-04, 3.769154632231207e-04, 2.516108051290746e+00, 6.488358254197233e-01, 5.676577921284594e-02, 2.062077272245418e+04, 1.103114176725710e+03, 4.601460919797657e-01, 5.398539080202343e-01, 1.120574830097519e+03, 3.511764812658872e+03, 7.893125584363588e+03, 2.355674485385943e+00, 1.392988969442859e-01
4317, 1.218061566492055e-01, 1.487294888453197e-01, 1.301214420597084e-02, 2.800220588005941e-04, 3.287527037983747e-04, 2.261421121211200e+00, 4.795398363226669e-01, 4.195429938715666e-02, 1.804654053076573e+04, 9.620622036503840e+02, 4.599764576394882e-01, 5.400235423605118e-01, 9.161217349548535e+02, 3.292311899062831e+03, 7.894089747752878e+03, 2.481987343096921e+00, 1.134270842393209e-01
4318, 1.285593875278688e-01, 1.499509149720295e-01, 1.311900514539233e-02, 2.492316511386540e-04, 2.927965082432440e-04, 2.059965113499893e+00, 3.598118150760922e-01, 3.147945482187757e-02, 1.611686524036289e+04, 8.568278877058850e+02, 4.598131053243902e-01, 5.401868946756099e-01, 7.713520331174469e+02, 3.113071818964054e+03, 7.895297965261852e+03, 2.592938529068197e+00, 9.510770096621637e-02
4319, 1.352087029775046e-01, 1.510000555116980e-01, 1.321079304905879e-02, 2.348470364709741e-04, 2.760810554388770e-04, 1.964141275912043e+00, 3.038200658055129e-01, 2.658081150915313e-02, 1.521858818120122e+04, 8.079293597525411e+02, 4.596479234350083e-01, 5.403520765649917e-01, 7.050555902529152e+02, 3.018390080242560e+03, 7.896641554322559e+03, 2.654867915448667e+00, 8.671844595591821e-02
4320, 1.419555162797883e-01, 1.520645794318840e-01, 1.330392682412724e-02, 2.328418842037673e-04, 2.729579490115285e-04, 1.949388620713614e+00, 2.929610322382590e-01, 2.563076917623051e-02, 1.506788464890035e+04, 8.019540525799429e+02, 4.603439323489401e-01, 5.396560676510600e-01, 6.962294021862067e+02, 3.012185717121328e+03, 7.905047239293344e+03, 2.663379874525369e+00, 8.560156638800882e-02
4321, 1.488987548828420e-01, 1.531600956771620e-01, 1.339977207629756e-02, 2.341844152000664e-04, 2.732162679912283e-04, 1.955907303953606e+00, 2.970763947097542e-01, 2.599081673904344e-02, 1.510946908515237e+04, 8.076875163204985e+02, 4.615374455689819e-01, 5.384625544310182e-01, 7.023928852488360e+02, 3.031614047067501e+03, 7.917397365265060e+03, 2.657234945721986e+00, 8.638150312261926e-02
4322, 1.561402263876655e-01, 1.543026676276296e-01, 1.349973416922617e-02, 2.350026715730018e-04, 2.729469617032068e-04, 1.958825668629069e+00, 3.026417708119997e-01, 2.647772405583684e-02, 1.512147582467659e+04, 8.115694298015154e+02, 4.626495545577332e-01, 5.373504454422670e-01, 7.057940885248723e+02, 3.045203162221731e+03, 7.929021830100100e+03, 2.654638991145166e+00, 8.681189667605373e-02
4323, 1.637861113367645e-01, 1.555090486336893e-01, 1.360527883114940e-02, 2.345049656893915e-04, 2.713512973545155e-04, 1.953067343663265e+00, 3.054343554010150e-01, 2.672204354935958e-02, 1.505824530566868e+04, 8.108286441874657e+02, 4.635802357734910e-01, 5.364197642265091e-01, 7.030946153914991e+02, 3.047954924352721e+03, 7.939168204565067e+03, 2.658366765368773e+00, 8.647030114647769e-02
4324, 1.719485201225209e-01, 1.567969276677562e-01, 1.371795364662297e-02, 2.330131762486194e-04, 2.687464973384684e-04, 1.940773411477216e+00, 3.053002639088501e-01, 2.671031206297856e-02, 1.493780022719498e+04, 8.065984683045122e+02, 4.643919958389731e-01, 5.356080041610268e-01, 6.959189175585155e+02, 3.043086558373226e+03, 7.948380729858764e+03, 2.666595143846188e+00, 8.556227718023336e-02
4325, 1.807471368440085e-01, 1.581851886948402e-01, 1.383941074850767e-02, 2.310461320307051e-04, 2.656415560491596e-04, 1.925334395625343e+00, 3.033800479819898e-01, 2.654231493823913e-02, 1.478936396020008e+04, 8.007049447758244e+02, 4.651738659436110e-01, 5.348261340563890e-01, 6.866626251193006e+02, 3.034817738787695e+03, 7.957395333185559e+03, 2.677000685330029e+00, 8.439097153596005e-02
4326, 1.903109742158616e-01, 1.596941875651159e-01, 1.397143104293022e-02, 2.289473861807275e-04, 2.623692714151786e-04, 1.908964973289091e+00, 3.007557163318115e-01, 2.631271567066781e-02, 1.463219913939448e+04, 7.943590167863806e+02, 4.659874291684004e-01, 5.340125708315997e-01, 6.768726806425479e+02, 3.025856746123959e+03, 7.966713488218375e+03, 2.688113090844706e+00, 8.315213673271184e-02
4327, 2.007802652611475e-01, 1.613460504885088e-01, 1.411595032242589e-02, 2.268235923788516e-04, 2.590303673938151e-04, 1.892317329843561e+00, 2.980014181991217e-01, 2.607174580764444e-02, 1.447222003415895e+04, 7.879379330462688e+02, 4.668554980697975e-01, 5.331445019302026e-01, 6.670221009817595e+02, 3.017054616751930e+03, 7.976522459945409e+03, 2.699490524602431e+00, 8.190562905895214e-02
4328, 2.123085195258328e-01, 1.631649984677853e-01, 1.427508765015597e-02, 2.246271120324565e-04, 2.555788262605510e-04, 1.875037489582241e+00, 2.952370735349040e-01, 2.582989698517712e-02, 1.430676799544892e+04, 7.812744355125985e+02, 4.677724578561869e-01, 5.322275421438132e-01, 6.569070650172348e+02, 3.008049138679753e+03, 7.986786428818596e+03, 2.711358793276206e+00, 8.062565667313151e-02
4329, 2.250647739647891e-01, 1.651777024472554e-01, 1.445117643139312e-02, 2.222601980752467e-04, 2.519258543458771e-04, 1.856456393401010e+00, 2.923553783897838e-01, 2.557778132980989e-02, 1.413054918422491e+04, 7.740231674034632e+02, 4.687193917670481e-01, 5.312806082329520e-01, 6.461195968396169e+02, 2.998065658156592e+03, 7.997371438011760e+03, 2.724161588572602e+00, 7.926059366903587e-02
4330, 2.392360715037206e-01, 1.674136743845788e-01, 1.464679862787102e-02, 2.196399956974063e-04, 2.480037696725154e-04, 1.836018810826054e+00, 2.892137256832076e-01, 2.530292233493956e-02, 1.393932004093982e+04, 7.658900634067302e+02, 4.696737387777720e-01, 5.303262612222280e-01, 6.343339854259381e+02, 2.986417934166404e+03, 8.008124124759343e+03, 2.738275999752146e+00, 7.776922406714538e-02
4331, 2.550302036197720e-01, 1.699056999798957e-01, 1.486482261667769e-02, 2.167196417627647e-04, 2.437867259010759e-04, 1.813423195459895e+00, 2.857231012944279e-01, 2.499753226856229e-02, 1.373109233607281e+04, 7.567074901076998e+02, 4.706116070928365e-01, 5.293883929071634e-01, 6.213949290849057e+02, 2.972665616818776e+03, 8.018892373488052e+03, 2.753917971658749e+00, 7.613189574985779e-02
4332, 2.726787571548399e-01, 1.726903194073230e-01, 1.510844524881162e-02, 2.134856523169751e-04, 2.392887928297316e-04, 1.788607337716923e+00, 2.818592204606107e-01, 2.465948650048639e-02, 1.350601568013617e+04, 7.464260013562273e+02, 4.715055246720077e-01, 5.284944753279923e-01, 6.073018354321225e+02, 2.956586557591256e+03, 8.029512066725874e+03, 2.771147910834448e+00, 7.434853375592998e-02
4333, 2.924405100365236e-01, 1.758083630977031e-01, 1.538123872409842e-02, 2.099476170163817e-04, 2.345551493227087e-04, 1.761684097402678e+00, 2.776424140381589e-01, 2.429056374195319e-02, 1.326584347202612e+04, 7.350792103296011e+02, 4.723201584221918e-01, 5.276798415778082e-01, 5.921615871817202e+02, 2.938090712971337e+03, 8.039781215169933e+03, 2.789905188257618e+00, 7.243266319027405e-02
4334, 3.146052256976335e-01, 1.793055504287038e-01, 1.568720296978747e-02, 2.061234434725470e-04, 2.296497773802179e-04, 1.732846076499587e+00, 2.731117459001519e-01, 2.389418164192506e-02, 1.301317379137610e+04, 7.227333832876039e+02, 4.730062188520531e-01, 5.269937811479468e-01, 5.761252968252868e+02, 2.917097350304615e+03, 8.049425371369580e+03, 2.810060582891276e+00, 7.040340606264499e-02
4335, 3.394979018312223e-01, 1.832331601007664e-01, 1.603082429084772e-02, 2.020208557428124e-04, 2.246372374886155e-04, 1.702236963861687e+00, 2.682990435802867e-01, 2.347312474954423e-02, 1.275040016851847e+04, 7.094249404345320e+02, 4.734958950684482e-01, 5.265041049315518e-01, 5.593103626953657e+02, 2.893388066416443e+03, 8.058080969471484e+03, 2.831499066650852e+00, 6.827561814066670e-02
4336, 3.674835357799593e-01, 1.876487820285168e-01, 1.641714115194236e-02, 1.976896889747169e-04, 2.194136003972148e-04, 1.669897570367546e+00, 2.632105308397386e-01, 2.302793756983699e-02, 1.247509964347334e+04, 6.953660465750371e+02, 4.739585949379475e-01, 5.260414050620524e-01, 5.418072617822379e+02, 2.867917633325585e+03, 8.067074435681570e+03, 2.854471766209171e+00, 6.606074852343465e-02
4337, 3.989724764339914e-01, 1.926171617725049e-01, 1.685181805563316e-02, 1.931374678204230e-04, 2.138475752703762e-04, 1.635580521634571e+00, 2.578106822555564e-01, 2.255551203235938e-02, 1.218287278830751e+04, 6.806005028812435e+02, 4.745566725343605e-01, 5.254433274656395e-01, 5.235499337174551e+02, 2.841288719433900e+03, 8.077609952748753e+03, 2.879427107935739e+00, 6.375043782916241e-02
4338, 4.344264411113166e-01, 1.982111498930402e-01, 1.734122860007868e-02, 1.883106648051211e-04, 2.079262043394421e-04, 1.598937336772024e+00, 2.520491850182498e-01, 2.205144634001792e-02, 1.187194437912152e+04, 6.649339729024521e+02, 4.752477103195002e-01, 5.247522896804997e-01, 5.043967641655452e+02, 2.812871539296599e+03, 8.089458753966028e+03, 2.906673418405940e+00, 6.132676595954518e-02
4339, 4.743652856452280e-01, 2.045127701463455e-01, 1.789254893408826e-02, 1.831790780510802e-04, 2.016183600428877e-04, 1.559701939897309e+00, 2.458782924650884e-01, 2.151156319739938e-02, 1.154044623580613e+04, 6.482579654398321e+02, 4.760402744842280e-01, 5.239597255157720e-01, 4.842714311694344e+02, 2.782370577738895e+03, 8.102761362533784e+03, 2.936561897861863e+00, 5.878007501540906e-02
4340, 5.193746269475402e-01, 2.116144221858220e-01, 1.851386297984821e-02, 1.777759468363491e-04, 1.949525099948229e-04, 1.518065607544134e+00, 2.393229386192470e-01, 2.093804405098836e-02, 1.119006485922744e+04, 6.306863060965443e+02, 4.769583421339708e-01, 5.230416578660292e-01, 4.633506675226727e+02, 2.750028813875191e+03, 8.117767226212891e+03, 2.969145554509680e+00, 5.613272903937395e-02
4341, 5.701144298160306e-01, 2.196202364034394e-01, 1.921428096618439e-02, 1.722281759297585e-04, 1.880417019237969e-04, 1.474907669425300e+00, 2.325186697549827e-01, 2.034274766224705e-02, 1.082765538259880e+04, 6.126618986584690e+02, 4.780532220897103e-01, 5.219467779102896e-01, 4.421594045478959e+02, 2.716959930801686e+03, 8.134896378882695e+03, 3.003957084684437e+00, 5.345115365758522e-02
4342, 6.273286838930814e-01, 2.286476007770775e-01, 2.000407301039553e-02, 1.667483377917267e-04, 1.810723346699092e-04, 1.431752159834211e+00, 2.257062913669695e-01, 1.974674178151738e-02, 1.046470889762246e+04, 5.949282000478059e+02, 4.794089339532250e-01, 5.205910660467750e-01, 4.215111561469723e+02, 2.685177709715327e+03, 8.154745639272733e+03, 3.039956040827099e+00, 5.083829218468101e-02
4343, 6.918563126672260e-01, 2.388288821117354e-01, 2.089481970734619e-02, 1.615800229481218e-04, 1.742510572325940e-04, 1.390378702418077e+00, 2.191704161086088e-01, 1.917492678954959e-02, 1.011425469163871e+04, 5.783351192781739e+02, 4.811348099799850e-01, 5.188651900200150e-01, 4.022828197063890e+02, 2.657193338597253e+03, 8.178008241520729e+03, 3.075752676184965e+00, 4.840510858004204e-02
4344, 7.646434744745524e-01, 2.503133669128970e-01, 2.189958193388360e-02, 1.569147046380928e-04, 1.677286741464961e-04, 1.352209558411577e+00, 2.131409401308836e-01, 1.864741599465790e-02, 9.786251713147763e+03, 5.635430376171220e+02, 4.833448482009874e-01, 5.166551517990127e-01, 3.851121266181282e+02, 2.635272830224349e+03, 8.205320095457137e+03, 3.110085538701675e+00, 4.623230236605964e-02
4345, 8.467574358675809e-01, 2.632694503507662e-01, 2.303309235839314e-02, 1.528224784479659e-04, 1.615406952663878e-04, 1.317783047418119e+00, 2.077072824809554e-01, 1.817203254882961e-02, 9.483834066382486e+03, 5.507747337449772e+02, 4.861335271631661e-01, 5.138664728368338e-01, 3.701744492104062e+02, 2.620710133798508e+03, 8.237106903170934e+03, 3.142335014221495e+00, 4.434206542995409e-02
4346, 9.394022207746211e-01, 2.778871054118087e-01, 2.431197146356671e-02, 1.492424911215731e-04, 1.556042555475137e-04, 1.286663447116468e+00, 2.028020341149546e-01, 1.774287892512329e-02, 9.202904749608135e+03, 5.397782265105725e+02, 4.895656350355506e-01, 5.104343649644494e-01, 3.571831779918901e+02, 2.613601430296458e+03, 8.273535937344423e+03, 3.172729159560818e+00, 4.269812976084467e-02
4347, 1.043936264910732e+00, 2.943806684423744e-01, 2.575497124989149e-02, 1.460502420881481e-04, 1.497814802067105e-04, 1.257927788369392e+00, 1.982774397598680e-01, 1.734702821165154e-02, 8.935898257527148e+03, 5.300622096298924e+02, 4.936936477102286e-01, 5.063063522897713e-01, 3.456486359598252e+02, 2.613416222091738e+03, 8.314623746543657e+03, 3.202013749893511e+00, 4.123853086906514e-02
4348, 1.161892334304097e+00, 3.129919819283814e-01, 2.738325019324424e-02, 1.431651091886691e-04, 1.439703775525397e-04, 1.230959129352184e+00, 1.940322906164505e-01, 1.697562578669416e-02, 8.677533006569254e+03, 5.212723723064638e+02, 4.985977554132897e-01, 5.014022445867101e-01, 3.352538069580120e+02, 2.620122353364784e+03, 8.360420721059199e+03, 3.230745769303760e+00, 3.992315303706222e-02
